-- --------------------------------------------------------
-- Host:                         127.0.0.1
-- Versión del servidor:         11.1.2-MariaDB - mariadb.org binary distribution
-- SO del servidor:              Win64
-- HeidiSQL Versión:             12.3.0.6589
-- --------------------------------------------------------

/*!40101 SET @OLD_CHARACTER_SET_CLIENT=@@CHARACTER_SET_CLIENT */;
/*!40101 SET NAMES utf8 */;
/*!50503 SET NAMES utf8mb4 */;
/*!40103 SET @OLD_TIME_ZONE=@@TIME_ZONE */;
/*!40103 SET TIME_ZONE='+00:00' */;
/*!40014 SET @OLD_FOREIGN_KEY_CHECKS=@@FOREIGN_KEY_CHECKS, FOREIGN_KEY_CHECKS=0 */;
/*!40101 SET @OLD_SQL_MODE=@@SQL_MODE, SQL_MODE='NO_AUTO_VALUE_ON_ZERO' */;
/*!40111 SET @OLD_SQL_NOTES=@@SQL_NOTES, SQL_NOTES=0 */;


-- Volcando estructura de base de datos para project1
CREATE DATABASE IF NOT EXISTS `project1` /*!40100 DEFAULT CHARACTER SET latin1 COLLATE latin1_swedish_ci */;
USE `project1`;

-- Volcando estructura para tabla project1.counties
CREATE TABLE IF NOT EXISTS `counties` (
  `id` int(11) NOT NULL AUTO_INCREMENT,
  `name` varchar(50) NOT NULL DEFAULT '0',
  `province_id` int(11) NOT NULL DEFAULT 0,
  PRIMARY KEY (`id`),
  KEY `FK_countie_province` (`province_id`),
  CONSTRAINT `FK_countie_province` FOREIGN KEY (`province_id`) REFERENCES `provinces` (`id`) ON DELETE CASCADE ON UPDATE NO ACTION
) ENGINE=InnoDB AUTO_INCREMENT=84 DEFAULT CHARSET=latin1 COLLATE=latin1_swedish_ci;

-- Volcando datos para la tabla project1.counties: ~83 rows (aproximadamente)
INSERT INTO `counties` (`id`, `name`, `province_id`) VALUES
	(1, 'San José', 1),
	(2, 'Escazú', 1),
	(3, 'Desamparados', 1),
	(4, 'Puriscal', 1),
	(5, 'Tarrazú', 1),
	(6, 'Aserrí', 1),
	(7, 'Mora', 1),
	(8, 'Goicoechea', 1),
	(9, 'Santa Ana', 1),
	(10, 'Alajuelita', 1),
	(11, 'Vazquez de Coronado ', 1),
	(12, 'Acosta', 1),
	(13, 'Tibás', 1),
	(14, 'Moravia', 1),
	(15, 'Montes de Oca', 1),
	(16, 'Turrubares', 1),
	(17, 'Dota', 1),
	(18, 'Curridabat', 1),
	(19, 'Pérez Zeledón', 1),
	(20, 'Leon Cortés Castro', 1),
	(21, 'Alajuela', 2),
	(22, 'San Ramón', 2),
	(23, 'Grecia', 2),
	(24, 'San Mateo', 2),
	(25, 'Atenas', 2),
	(26, 'Naranjo', 2),
	(27, 'Palmares', 2),
	(28, 'Poás', 2),
	(29, 'Orotina', 2),
	(30, 'San Carlos', 2),
	(31, 'Zarcero', 2),
	(32, 'Sarchí', 2),
	(33, 'Upala', 2),
	(34, 'Los chiles', 2),
	(35, 'Guatuso', 2),
	(36, 'Rio cuarto', 2),
	(37, 'Cartago', 3),
	(38, 'Paíso', 3),
	(39, 'La unión', 3),
	(40, 'Jimenez', 3),
	(41, 'Turrialba', 3),
	(42, 'Alvarado', 3),
	(43, 'Oreamuno', 3),
	(44, 'El Guarco', 3),
	(45, 'Heredia', 4),
	(46, 'Barva', 4),
	(47, 'Santo Domingo', 4),
	(48, 'Santa Bárbara', 4),
	(49, 'San Rafael', 4),
	(50, 'San Isidro', 4),
	(51, 'Belén', 4),
	(52, 'Flores', 4),
	(53, 'San Pablo', 4),
	(54, 'Sarapiquí', 4),
	(55, 'Liberia', 5),
	(56, 'Nicoya', 5),
	(57, 'Santa Cruz', 5),
	(58, 'Bagaces', 5),
	(59, 'Carrillo', 5),
	(60, 'Cañas', 5),
	(61, 'Abangares', 5),
	(62, 'Tilaran', 5),
	(63, 'Nandayure', 5),
	(64, 'La Cruz', 5),
	(65, 'Hojancha', 5),
	(66, 'Puntarenas', 6),
	(67, 'Esparza', 6),
	(68, 'Buenos Aires', 6),
	(69, 'Montes de Oro', 6),
	(70, 'Osa', 6),
	(71, 'Quepos', 6),
	(72, 'Golfito', 6),
	(73, 'Coto Brus', 6),
	(74, 'Parrita', 6),
	(75, 'Corredores', 6),
	(76, 'Garabito', 6),
	(77, 'Monteverde', 6),
	(78, 'Limon', 7),
	(79, 'Pococi', 7),
	(80, 'Siquirres', 7),
	(81, 'Talamanca', 7),
	(82, 'Matina', 7),
	(83, 'Guacimo', 7);

-- Volcando estructura para tabla project1.districts
CREATE TABLE IF NOT EXISTS `districts` (
  `id` int(11) NOT NULL AUTO_INCREMENT,
  `name` varchar(50) NOT NULL DEFAULT '0',
  `county_id` int(11) NOT NULL DEFAULT 0,
  PRIMARY KEY (`id`),
  KEY `FK_district_county` (`county_id`),
  CONSTRAINT `FK_district_county` FOREIGN KEY (`county_id`) REFERENCES `counties` (`id`) ON DELETE CASCADE ON UPDATE NO ACTION
) ENGINE=InnoDB AUTO_INCREMENT=632 DEFAULT CHARSET=latin1 COLLATE=latin1_swedish_ci;

-- Volcando datos para la tabla project1.districts: ~489 rows (aproximadamente)
INSERT INTO `districts` (`id`, `name`, `county_id`) VALUES
	(1, 'Carmen', 1),
	(2, 'Merced', 1),
	(3, 'Hospital', 1),
	(4, 'Catedral', 1),
	(5, 'Zapote', 1),
	(6, 'San Francisco de Dos Rios', 1),
	(7, 'Uruca', 1),
	(8, 'Mata Redonda', 1),
	(9, 'Pavas', 1),
	(10, 'Hatillo', 1),
	(11, 'San Sebastian', 1),
	(12, 'Escazu', 2),
	(13, 'San Antonio', 2),
	(14, 'San Rafael', 2),
	(15, 'Desamparados', 3),
	(16, 'San Miguel', 3),
	(17, 'San Juan de Dios', 3),
	(18, 'San Rafael Arriba', 3),
	(19, 'San Antonio', 3),
	(20, 'Frailes', 3),
	(21, 'Patarra', 3),
	(22, 'San Cristobal', 3),
	(23, 'Rosario', 3),
	(24, 'Damas', 3),
	(25, 'San Rafael Abajo', 3),
	(26, 'Gravillas', 3),
	(27, 'Los Guido', 3),
	(28, 'Santiago', 4),
	(29, 'Mercedes Sur', 4),
	(30, 'Barbacoas', 4),
	(31, 'Grifo Alto', 4),
	(32, 'San Rafael', 4),
	(33, 'Candelarita', 4),
	(34, 'Desamparaditos', 4),
	(35, 'San Antonio', 4),
	(36, 'Chires', 4),
	(37, 'San Marcos', 5),
	(38, 'San Lorenzo', 5),
	(39, 'San Carlos', 5),
	(40, 'Aserri', 6),
	(41, 'Tarbaca', 6),
	(42, 'Vuelta de Jorco', 6),
	(43, 'San Gabriel', 6),
	(44, 'Legua', 6),
	(45, 'Monterrey', 6),
	(46, 'Salitrillos', 6),
	(47, 'Colon', 7),
	(48, 'Guayabo', 7),
	(49, 'Tabarcia', 7),
	(50, 'Piedras Negras', 7),
	(51, 'Picagres', 7),
	(52, 'Jaris', 7),
	(53, 'Quitirrisí', 7),
	(54, 'Guadalupe', 8),
	(55, 'San Francisco', 8),
	(56, 'Calle Blancos', 8),
	(57, 'Mata de Platano', 8),
	(58, 'Ipis', 8),
	(59, 'Rancho Redondo', 8),
	(60, 'Purral', 8),
	(61, 'Santa Ana', 9),
	(62, 'Salitral', 9),
	(63, 'Pozos', 9),
	(64, 'Uruca', 9),
	(65, 'Piedades', 9),
	(66, 'Brasil', 9),
	(67, 'Alajuelita', 10),
	(68, 'San Josecito', 10),
	(69, 'San Antonio', 10),
	(70, 'Concepcion', 10),
	(71, 'San Felipe', 10),
	(72, 'San Isidro', 11),
	(73, 'San Rafael', 11),
	(74, 'Dulce Nombre de Jesus', 11),
	(75, 'Patalillo', 11),
	(76, 'Cascajal', 11),
	(77, 'San Ignacio', 12),
	(78, 'Guaitil', 12),
	(79, 'Palmichal', 12),
	(80, 'Cangrejal', 12),
	(81, 'Sabanillas', 12),
	(82, 'San Juan', 13),
	(83, 'Cinco Esquinas', 13),
	(84, 'Anselmo Llorente', 13),
	(85, 'Leon XIII', 13),
	(86, 'Colima', 13),
	(87, 'San Vicente', 14),
	(88, 'San Jeronimo', 14),
	(89, 'La Trinidad', 14),
	(90, 'La Trinidad', 14),
	(91, 'San Pedro', 15),
	(92, 'Sabanilla', 15),
	(93, 'Mercedes', 15),
	(94, 'San Rafael', 15),
	(95, 'San Pablo', 16),
	(96, 'San Pedro', 16),
	(97, 'San Juan de Mata', 16),
	(98, 'San Luis', 16),
	(99, 'Carara', 16),
	(100, 'Santa Maria', 17),
	(101, 'Jardin', 17),
	(102, 'Copey', 17),
	(103, 'Curridabat', 18),
	(104, 'Granadilla', 18),
	(105, 'Sanchez', 18),
	(106, 'Tirrases', 18),
	(107, 'San Isidro del General', 19),
	(108, 'EL General', 19),
	(109, 'Daniel Flores', 19),
	(110, 'Rivas', 19),
	(111, 'San Pedro', 19),
	(112, 'Platanares', 19),
	(113, 'Pejibaye', 19),
	(114, 'Cajon', 19),
	(115, 'Barú', 19),
	(116, 'Rio Nuevo', 19),
	(117, 'Paramo', 19),
	(118, 'La Amistad', 19),
	(119, 'San Pablo', 20),
	(120, 'San Andres', 20),
	(121, 'Llano Bonito', 20),
	(122, 'San Isidro', 20),
	(123, 'Santa Cruz', 20),
	(124, 'San Antonio', 20),
	(125, 'Alajuela', 21),
	(126, 'San Jose', 21),
	(127, 'Carrizal', 21),
	(128, 'San Antonio', 21),
	(129, 'Guacima', 21),
	(130, 'San Isidro', 21),
	(131, 'Sabanilla', 21),
	(132, 'San Rafael', 21),
	(133, 'Rio Segundo', 21),
	(134, 'Desamparados', 21),
	(135, 'Turrucares', 21),
	(136, 'Tambor', 21),
	(137, 'Garita', 21),
	(138, 'Sarapiqui', 21),
	(139, 'San Ramon', 22),
	(140, 'Santiago', 22),
	(141, 'San Juan', 22),
	(142, 'Piedades Norte', 22),
	(143, 'Piedades Sur', 22),
	(144, 'San Rafael', 22),
	(145, 'San Isidro', 22),
	(146, 'Angeles', 22),
	(147, 'Alfaro', 22),
	(148, 'Volio', 22),
	(149, 'Concepcion', 22),
	(150, 'Zapotal', 22),
	(151, 'Peñas Blancas', 22),
	(152, 'San Lorenzo', 22),
	(153, 'Grecia', 23),
	(154, 'San Isidro', 23),
	(155, 'San Jose', 23),
	(156, 'San Roque', 23),
	(157, 'Tacares', 23),
	(158, 'Puente de Piedra', 23),
	(159, 'Bolivar', 23),
	(160, 'San Mateo', 24),
	(161, 'Desmonte', 24),
	(162, 'Jesus Maria', 24),
	(163, 'Labrador', 24),
	(164, 'Atenas', 25),
	(165, 'Jesus', 25),
	(166, 'Mercedes', 25),
	(167, 'San Isidro', 25),
	(168, 'Concepcion', 25),
	(169, 'San Jose', 25),
	(170, 'Santa Eulalia', 25),
	(171, 'Escobal', 25),
	(172, 'Naranjo', 26),
	(173, 'San Miguel', 26),
	(174, 'San Jose', 26),
	(175, 'Cirri Sur', 26),
	(176, 'San Jeronimo', 26),
	(177, 'San Juan', 26),
	(178, 'El Rosario', 26),
	(179, 'Palmitos', 26),
	(180, 'Palmares', 27),
	(181, 'Zaragoza', 27),
	(182, 'Buenos Aires', 27),
	(183, 'Santiago', 27),
	(184, 'Candelaria', 27),
	(185, 'Esquipulas', 27),
	(186, 'La Granja', 27),
	(187, 'San Pedro', 28),
	(188, 'San Juan', 28),
	(189, 'San Rafael', 28),
	(190, 'Carrillos', 28),
	(191, 'Sabana Redonda', 28),
	(192, 'Orotina', 29),
	(193, 'El Mataste', 29),
	(194, 'Hacienda Vieja', 29),
	(195, 'Coyolar', 29),
	(196, 'La Ceiba', 29),
	(197, 'Quesada', 30),
	(198, 'Florencia', 30),
	(199, 'Buena Vista', 30),
	(200, 'Aguas Zarcas', 30),
	(201, 'Venecia', 30),
	(202, 'Pital', 30),
	(203, 'La Fortuna', 30),
	(204, 'La Tigra', 30),
	(205, 'La Palmera', 30),
	(206, 'Venado', 30),
	(207, 'Cutris', 30),
	(208, 'Monterrey', 30),
	(209, 'Pocosol', 30),
	(210, 'Zarcero', 31),
	(211, 'Laguna', 31),
	(212, 'Tapesco', 31),
	(213, 'Guadalupe', 31),
	(214, 'Palmira', 31),
	(215, 'Zapote', 31),
	(216, 'Brisas', 31),
	(217, 'Sarchi Norte', 32),
	(218, 'Sarchi Sur', 32),
	(219, 'Toro Amarillo', 32),
	(220, 'San Pedro', 32),
	(221, 'Rodriguez', 32),
	(222, 'Upala', 33),
	(223, 'Aguas Claras', 33),
	(224, 'San Jose o Pizote', 33),
	(225, 'Bijagua', 33),
	(226, 'Delicias', 33),
	(227, 'Dos Rios', 33),
	(228, 'Yolillal', 33),
	(229, 'Canalete', 33),
	(230, 'Los Chiles', 34),
	(231, 'Caño Negro', 34),
	(232, 'El Amparo', 34),
	(233, 'San Jorge', 34),
	(234, 'San Rafael', 35),
	(235, 'Buenavista', 35),
	(236, 'Cote', 35),
	(237, 'Katira', 35),
	(238, 'Rio Cuarto', 36),
	(239, 'Santa Rita', 36),
	(240, 'Santa Isabel', 36),
	(383, 'Oriental', 37),
	(384, 'Occidental', 37),
	(385, 'Carmen', 37),
	(386, 'San Nicolas', 37),
	(387, 'San Francisco', 37),
	(388, 'Guadalupe', 37),
	(389, 'Corralillo', 37),
	(390, 'Tierra Blanca', 37),
	(391, 'Dulce Nombre', 37),
	(392, 'Llano Grande', 37),
	(393, 'Quebradilla', 37),
	(394, 'Paraiso', 38),
	(395, 'Santiago', 38),
	(396, 'Orosi', 38),
	(397, 'Cachi', 38),
	(398, 'Llanos de Santa Lucia', 38),
	(399, 'Birrisito', 38),
	(400, 'Tres Rios', 39),
	(401, 'San Diego', 39),
	(402, 'San Juan', 39),
	(403, 'San Rafael', 39),
	(404, 'Concepcion', 39),
	(405, 'Dulce Nombre', 39),
	(406, 'San Ramon', 39),
	(407, 'Rio Azul', 39),
	(408, 'Juan Viñas', 40),
	(409, 'Tucurrique', 40),
	(410, 'Pejibaye', 40),
	(411, 'Turrialba', 41),
	(412, 'La Suiza', 41),
	(413, 'Peralta', 41),
	(414, 'Santa Cruz', 41),
	(415, 'Santa Teresita', 41),
	(416, 'Pavones', 41),
	(417, 'Tuis', 41),
	(418, 'Tayutic', 41),
	(419, 'Santa Rosa', 41),
	(420, 'Tres Equis', 41),
	(421, 'La Isabel', 41),
	(422, 'Chirripo', 41),
	(423, 'Pacayas', 42),
	(424, 'Cervantes', 42),
	(425, 'Capellades', 42),
	(426, 'San Rafael', 43),
	(427, 'Cot', 43),
	(428, 'Potrero Cerrado', 43),
	(429, 'Cipreses', 43),
	(430, 'Santa Rosa', 43),
	(431, 'El Tejar', 44),
	(432, 'San Isidro', 44),
	(433, 'Tobosi', 44),
	(434, 'Patio de Agua', 44),
	(435, 'Heredia', 45),
	(436, 'Mercedes', 45),
	(437, 'San Francisco', 45),
	(438, 'Ulloa', 45),
	(439, 'Varablanca', 45),
	(440, 'Barva', 46),
	(441, 'San Pedro', 46),
	(442, 'San Pablo', 46),
	(443, 'San Roque', 46),
	(444, 'Santa Lucia', 46),
	(445, 'San Jose de la Montaña', 46),
	(446, 'Santo Domingo', 47),
	(447, 'San Vicente', 47),
	(448, 'San Miguel', 47),
	(449, 'Paracito', 47),
	(450, 'Santo Tomas', 47),
	(451, 'Santa Rosa', 47),
	(452, 'Tures', 47),
	(453, 'Para', 47),
	(454, 'Santa Barbara', 48),
	(455, 'San Pedro', 48),
	(456, 'San Juan', 48),
	(457, 'Jesus', 48),
	(458, 'Santo Domingo', 48),
	(459, 'Puraba', 48),
	(460, 'San Rafael', 49),
	(461, 'San Josecito', 49),
	(462, 'Santiago', 49),
	(463, 'Angeles', 49),
	(464, 'Concepcion', 49),
	(465, 'San Isidro', 50),
	(466, 'San Jose', 50),
	(467, 'Concepcion', 50),
	(468, 'San Francisco', 50),
	(469, 'San Antonio', 51),
	(470, 'La Ribera', 51),
	(471, 'La Ansuncion', 51),
	(472, 'San Joaquin', 52),
	(473, 'Barrantes', 52),
	(474, 'Llorente', 52),
	(475, 'San Pablo', 53),
	(476, 'Rincon de Sabanilla', 53),
	(477, 'Puerto Viejo', 54),
	(478, 'La Virgen', 54),
	(479, 'Las Horquetas', 54),
	(480, 'Llanuras del Gaspar', 54),
	(481, 'Cureña', 54),
	(482, 'Liberia', 55),
	(483, 'Cañas Dulces', 55),
	(484, 'Mayorga', 55),
	(485, 'Nacascolo', 55),
	(486, 'Curunbande', 55),
	(487, 'Nicoya', 56),
	(488, 'Mansion', 56),
	(489, 'San Antonio', 56),
	(490, 'Quebrada Honda', 56),
	(491, 'Samara', 56),
	(492, 'Nosara', 56),
	(493, 'Belen de Nosarita', 56),
	(494, 'Santa Cruz', 57),
	(495, 'Bolson', 57),
	(496, 'Veintisiete de Abril', 57),
	(497, 'Tempate', 57),
	(498, 'Cartagena', 57),
	(499, 'Cuajinquil', 57),
	(500, 'Diria', 57),
	(501, 'Cabo Velas', 57),
	(502, 'Tamarindo', 57),
	(503, 'Bagaces', 58),
	(504, 'La Fortuna', 58),
	(505, 'Mogote', 58),
	(506, 'Rio Naranjo', 58),
	(507, 'Filadelfia', 59),
	(508, 'Palmira', 59),
	(509, 'Sardinal', 59),
	(510, 'Belen', 59),
	(511, 'Cañas', 60),
	(512, 'Palmira', 60),
	(513, 'San Miguel', 60),
	(514, 'Bebedero', 60),
	(515, 'Porozal', 60),
	(516, 'Las Juntas', 61),
	(517, 'Sierra', 61),
	(518, 'San Juan', 61),
	(519, 'Colorado', 61),
	(520, 'Tilaran', 62),
	(521, 'Quebrada Grande', 62),
	(522, 'Tronadora', 62),
	(523, 'Santa Rosa', 62),
	(524, 'Libano', 62),
	(525, 'Tierras Morenas', 62),
	(526, 'Arenal', 62),
	(527, 'Cabeceras', 62),
	(528, 'Carmona', 63),
	(529, 'Santa Rita', 63),
	(530, 'Zapotal', 63),
	(531, 'San Pablo', 63),
	(532, 'Porvenir', 63),
	(533, 'Bejuco', 63),
	(534, 'La Cruz', 64),
	(535, 'Santa Cecilia', 64),
	(536, 'La Garita', 64),
	(537, 'Santa Elena', 64),
	(538, 'Hojancha', 65),
	(539, 'Monte Romo', 65),
	(540, 'Puerto Carrillo', 65),
	(541, 'Huacas', 65),
	(542, 'Matanbu', 65),
	(543, 'Puntarenas', 66),
	(544, 'Pitahaya', 66),
	(545, 'Chomes', 66),
	(546, 'Lepanto', 66),
	(547, 'Paquera', 66),
	(548, 'Manzanillo', 66),
	(549, 'Guacimal', 66),
	(550, 'Barranca', 66),
	(551, 'Isla del Coco', 66),
	(552, 'Cobano', 66),
	(553, 'Chacarita', 66),
	(554, 'Chira', 66),
	(555, 'Acapulco', 66),
	(556, 'El Roble', 66),
	(557, 'Arancibia', 66),
	(558, 'Espiritu Santo', 67),
	(559, 'San Juan Grande', 67),
	(560, 'Macacona', 67),
	(561, 'San Rafael', 67),
	(562, 'San Jeronimo', 67),
	(563, 'Caldera', 67),
	(564, 'Buenos Aires', 68),
	(565, 'Volcan', 68),
	(566, 'Potrero Grande', 68),
	(567, 'Boruca', 68),
	(568, 'Pilas', 68),
	(569, 'Colinas', 68),
	(570, 'Changuena', 68),
	(571, 'Biolley', 68),
	(572, 'Brunka', 68),
	(573, 'Miramar', 69),
	(574, 'La Union', 69),
	(575, 'San Isidro', 69),
	(576, 'Puerto Cortes', 70),
	(577, 'Palmar', 70),
	(578, 'Sierpe', 70),
	(579, 'Bahia Ballena', 70),
	(580, 'Piedras Blancas', 70),
	(581, 'Bahia Drake', 70),
	(582, 'Quepos', 71),
	(583, 'Savegre', 71),
	(584, 'Naranjito', 71),
	(585, 'Golfito', 72),
	(586, 'Puerto Jimenez', 72),
	(587, 'Guaycara', 72),
	(588, 'Pavon', 72),
	(589, 'San Vito', 73),
	(590, 'Sabalito', 73),
	(591, 'Aguabuena', 73),
	(592, 'Limoncito', 73),
	(593, 'Pittier', 73),
	(594, 'Gutierrez Braun', 73),
	(595, 'Parrita', 74),
	(596, 'Corredor', 75),
	(597, 'La Cuesta', 75),
	(598, 'Canoas', 75),
	(599, 'Laurel', 75),
	(600, 'Jaco', 76),
	(601, 'Tarcoles', 76),
	(602, 'Lagunillas', 76),
	(603, 'Monteverde', 77),
	(604, 'Limon', 78),
	(605, 'Valle La Estrella', 78),
	(606, 'Rio Blanco', 78),
	(607, 'Matama', 78),
	(608, 'Guapiles', 79),
	(609, 'Jimenez', 79),
	(610, 'Rita', 79),
	(611, 'Roxana', 79),
	(612, 'Cariari', 79),
	(613, 'Colorado', 79),
	(614, 'La Colonia', 79),
	(615, 'Siquirres', 80),
	(616, 'Pacuarito', 80),
	(617, 'Florida', 80),
	(618, 'Germania', 80),
	(619, 'El Cairo', 80),
	(620, 'Alegria', 80),
	(621, 'Reventazon', 80),
	(622, 'Bratsi', 81),
	(623, 'Sixaola', 81),
	(624, 'Cahuita', 81),
	(625, 'Telire', 81),
	(626, 'Matina', 82),
	(627, 'Batan', 82),
	(628, 'Carrandi', 82),
	(629, 'Guacimo', 83),
	(630, 'Mercedes', 83),
	(631, 'Pocora', 83);

-- Volcando estructura para tabla project1.entities
CREATE TABLE IF NOT EXISTS `entities` (
  `id` int(11) NOT NULL AUTO_INCREMENT,
  `legal_id` bigint(20) NOT NULL DEFAULT 0,
  `name` varchar(50) NOT NULL DEFAULT '0',
  `email` varchar(50) NOT NULL DEFAULT '0',
  `phone_number` int(11) NOT NULL DEFAULT 0,
  `address` varchar(50) NOT NULL DEFAULT '0',
  `description` varchar(50) NOT NULL DEFAULT '0',
  PRIMARY KEY (`id`)
) ENGINE=InnoDB AUTO_INCREMENT=15 DEFAULT CHARSET=latin1 COLLATE=latin1_swedish_ci;

-- Volcando datos para la tabla project1.entities: ~10 rows (aproximadamente)
INSERT INTO `entities` (`id`, `legal_id`, `name`, `email`, `phone_number`, `address`, `description`) VALUES
	(4, 3014042076, 'Municipalidad de San Ramon', 'municipalidad@sanramon.go.cr\'', 24569410, 'Frente al parque Alberto Manuel Brenes', 'Muy Buena'),
	(6, 3014042077, 'Municipalidad de Upala', 'info@muniupala.go.cr', 24700157, 'Upala, del parque central 200 metros este', 'Buena'),
	(7, 3059689402, 'Municipalidad de San Jose', 'munisj@gmail.com', 24691003, 'Edificio Jose Figueres Ferrer', 'Muye Buena'),
	(8, 3014042067, 'Municipalidad de Guatuso', 'alcaldia@muniguatuso.go.cr', 24640065, 'Guatuso Centro', 'Buena'),
	(9, 3014042074, 'Municipalidad de San Carlos', 'info@munisc.go.cr', 24010900, 'Ruta Nacional Secundaria 140', 'Muy Buena'),
	(10, 4000042138, 'AYA Alajuela', 'ayaalajuela@aya.go.cr', 27376783, 'Costado oeste de Mc Donalds.', 'Excelente'),
	(11, 4000042139, 'AYA Los Chiles', 'ayaloschiles@aya.go.cr', 26376783, '200 m norte de la Iglesia', 'Regular'),
	(12, 4000042140, 'AYA San Ramon', 'ayasanramon@aya.go.cr', 25376783, 'Contiguo Cruz Roja', 'Muy Buena'),
	(13, 4000042141, 'AYA Atenas', 'ayaatenas@aya.go.cr', 22326286, '75 m sur del BN', 'Buena'),
	(14, 4000042142, 'AYA Palmares', 'ayapalmares@aya.go.cr', 21316184, '50 m este de la bibliotecca', 'Buena');

-- Volcando estructura para tabla project1.flows
CREATE TABLE IF NOT EXISTS `flows` (
  `id` int(11) NOT NULL AUTO_INCREMENT,
  `capacity` varchar(50) NOT NULL DEFAULT '0',
  `method` varchar(50) NOT NULL DEFAULT '0',
  `observation` varchar(50) NOT NULL DEFAULT '0',
  `date` date NOT NULL DEFAULT '0000-00-00',
  `climate` varchar(50) NOT NULL,
  `done` varchar(50) NOT NULL,
  `water_spring_id` int(11) NOT NULL DEFAULT 0,
  `sampling_id` int(11) NOT NULL DEFAULT 0,
  PRIMARY KEY (`id`),
  KEY `FK_flow_water` (`water_spring_id`),
  KEY `FK_sampling_flow` (`sampling_id`),
  CONSTRAINT `FK_flow_water` FOREIGN KEY (`water_spring_id`) REFERENCES `water_springs` (`id`) ON DELETE CASCADE ON UPDATE NO ACTION,
  CONSTRAINT `FK_sampling_flow` FOREIGN KEY (`sampling_id`) REFERENCES `samplings_sities` (`id`) ON DELETE CASCADE ON UPDATE NO ACTION
) ENGINE=InnoDB AUTO_INCREMENT=380 DEFAULT CHARSET=latin1 COLLATE=latin1_swedish_ci;

-- Volcando datos para la tabla project1.flows: ~99 rows (aproximadamente)
INSERT INTO `flows` (`id`, `capacity`, `method`, `observation`, `date`, `climate`, `done`, `water_spring_id`, `sampling_id`) VALUES
	(2, '54.21', 'Directo', 'Se encontro hierro y aluminio', '2022-04-15', 'Lluvioso', 'Sí', 1, 1),
	(3, '19.47', 'Directo', 'Aumento de zinc', '2022-12-04', 'Soleado', 'Sí', 1, 5),
	(4, '64.82', 'Directo', 'Se encontro restos de aluminio', '2022-07-16', 'Nublado', 'Sí', 3, 1),
	(5, '78.30', 'Indirecto', 'Plata y nitrol', '2022-09-05', 'Soleado', 'Sí', 16, 3),
	(6, '85.57', 'Directo', 'Niveles de cloro adecuados', '2022-08-01', 'Nublado', 'Sí', 3, 7),
	(7, '94.40', 'Directo', 'Restos coliformes aceptables', '2022-09-10', 'Soleado', 'Sí', 3, 2),
	(8, '42.75', 'Directo', 'Tiene altos niveles de hierro', '2023-01-15', 'Soleado', 'Sí', 1, 1),
	(9, '76.28', 'Directo', 'Buenos niveles de oxígeno', '2023-05-19', 'Nublado', 'Sí', 15, 15),
	(10, '49.67', 'Indirecto', 'Contaminación por petróleo', '2023-06-29', 'Lluvioso', 'No', 16, 16),
	(11, '62.34', 'Directo', 'Altos niveles de amonio', '2023-07-18', 'Soleado', 'Sí', 1, 17),
	(12, '48.92', 'Indirecto', 'Presencia de pesticidas', '2023-08-26', 'Nublado', 'No', 2, 18),
	(13, '72.75', 'Directo', 'Buenos niveles de pH', '2023-09-14', 'Lluvioso', 'Sí', 3, 19),
	(14, '57.63', 'Indirecto', 'Turbidez excesiva', '2023-10-08', 'Soleado', 'No', 4, 1),
	(15, '89.48', 'Directo', 'Turbidez alta', '2023-05-12', 'Soleado', 'Sí', 5, 5),
	(16, '72.36', 'Indirecto', 'Presencia de metales pesados', '2023-06-25', 'Nublado', 'No', 6, 6),
	(17, '45.61', 'Indirecto', 'Deterioro de la calidad del agua', '2023-08-14', 'Soleado', 'No', 8, 8),
	(18, '68.29', 'Directo', 'Exceso de nitratos', '2023-09-19', 'Nublado', 'Sí', 9, 9),
	(19, '60.45', 'Indirecto', 'Fluctuaciones en el nivel de oxígeno', '2023-10-10', 'Lluvioso', 'No', 10, 10),
	(20, '41.83', 'Directo', 'Tiene buenos niveles de cloro', '2023-01-05', 'Soleado', 'Sí', 11, 11),
	(21, '55.62', 'Indirecto', 'Presencia de sólidos suspendidos', '2023-02-12', 'Nublado', 'No', 12, 12),
	(22, '67.44', 'Directo', 'Contaminación por pesticidas', '2023-03-07', 'Lluvioso', 'Sí', 13, 13),
	(23, '39.11', 'Indirecto', 'Niveles de aluminio superiores', '2023-04-22', 'Soleado', 'No', 14, 14),
	(24, '56.23', 'Indirecto', 'Presenta coliformes fecales', '2023-02-20', 'Nublado', 'No', 2, 2),
	(25, '71.12', 'Directo', 'Buenos niveles de cloro', '2023-03-10', 'Lluvioso', 'Sí', 3, 3),
	(26, '34.99', 'Indirecto', 'Niveles de pH fuera de rango', '2023-04-05', 'Nublado', 'No', 4, 4),
	(27, '65.49', 'Indirecto', 'Exceso de nitratos', '2023-04-14', 'Nublado', 'No', 14, 11),
	(28, '48.92', 'Directo', 'Contaminación bacteriana', '2023-05-27', 'Soleado', 'Sí', 15, 12),
	(29, '62.76', 'Indirecto', 'Niveles de aluminio superiores', '2023-06-13', 'Nublado', 'No', 16, 13),
	(30, '70.48', 'Indirecto', 'Tiene altos niveles de hierro', '2023-10-09', 'Soleado', 'No', 10, 7),
	(31, '54.19', 'Directo', 'Tiene buenos niveles de cloro', '2023-01-07', 'Nublado', 'Sí', 11, 8),
	(32, '47.33', 'Indirecto', 'Turbidez alta', '2023-02-28', 'Soleado', 'No', 12, 9),
	(33, '59.18', 'Directo', 'Presencia de metales pesados', '2023-03-19', 'Lluvioso', 'Sí', 13, 10),
	(34, '71.49', 'Indirecto', 'Presencia de metales pesados', '2023-04-19', 'Soleado', 'No', 4, 1),
	(35, '66.29', 'Directo', 'Exceso de nitratos', '2023-05-22', 'Nublado', 'Sí', 5, 2),
	(36, '61.88', 'Indirecto', 'Contaminación por pesticidas', '2023-06-29', 'Lluvioso', 'No', 6, 3),
	(37, '46.61', 'Indirecto', 'Deterioro de la calidad del agua', '2023-08-11', 'Nublado', 'No', 8, 5),
	(38, '72.38', 'Directo', 'Buenos niveles de cloro', '2023-09-15', 'Lluvioso', 'Sí', 9, 6),
	(39, '68.27', 'Directo', 'Deterioro de la calidad del agua', '2023-01-23', 'Soleado', 'Sí', 1, 17),
	(40, '59.84', 'Indirecto', 'Buenos niveles de oxígeno', '2023-02-28', 'Nublado', 'No', 2, 18),
	(41, '52.41', 'Directo', 'Presenta coliformes fecales', '2023-03-12', 'Lluvioso', 'Sí', 3, 19),
	(42, '59.27', 'Indirecto', 'Tiene altos niveles de hierro', '2023-04-14', 'Lluvioso', 'No', 13, 10),
	(43, '50.68', 'Directo', 'Tiene buenos niveles de cloro', '2023-05-27', 'Soleado', 'Sí', 14, 11),
	(44, '47.92', 'Indirecto', 'Turbidez alta', '2023-06-13', 'Nublado', 'No', 15, 12),
	(45, '53.76', 'Directo', 'Presencia de metales pesados', '2023-07-04', 'Lluvioso', 'Sí', 16, 13),
	(46, '57.88', 'Directo', 'Exceso de nitratos', '2023-09-15', 'Lluvioso', 'Sí', 8, 5),
	(47, '62.56', 'Indirecto', 'Contaminación por pesticidas', '2023-10-09', 'Soleado', 'No', 9, 6),
	(48, '68.29', 'Directo', 'Niveles de aluminio superiores', '2023-01-07', 'Nublado', 'Sí', 10, 7),
	(49, '41.37', 'Indirecto', 'Deterioro de la calidad del agua', '2023-02-28', 'Soleado', 'No', 11, 8),
	(50, '72.18', 'Directo', 'Buenos niveles de cloro', '2023-03-19', 'Nublado', 'Sí', 12, 9),
	(51, '52.37', 'Directo', 'Contaminación bacteriana', '2023-03-12', 'Lluvioso', 'Sí', 2, 18),
	(52, '70.19', 'Indirecto', 'Niveles de aluminio superiores', '2023-04-19', 'Soleado', 'No', 3, 19),
	(53, '54.63', 'Directo', 'Deterioro de la calidad del agua', '2023-05-22', 'Nublado', 'Sí', 4, 1),
	(54, '49.85', 'Indirecto', 'Buenos niveles de oxígeno', '2023-06-29', 'Lluvioso', 'No', 5, 2),
	(55, '46.11', 'Directo', 'Presenta coliformes fecales', '2023-07-07', 'Soleado', 'Sí', 6, 3),
	(56, '63.47', 'Indirecto', 'Exceso de nitratos', '2023-02-28', 'Nublado', 'No', 1, 17),
	(57, '67.73', 'Indirecto', 'Niveles de aluminio superiores', '2023-04-14', 'Lluvioso', 'No', 12, 9),
	(58, '60.32', 'Directo', 'Deterioro de la calidad del agua', '2023-05-27', 'Soleado', 'Sí', 13, 10),
	(59, '51.28', 'Indirecto', 'Buenos niveles de cloro', '2023-06-13', 'Nublado', 'No', 14, 11),
	(60, '42.19', 'Directo', 'Turbidez alta', '2023-07-04', 'Lluvioso', 'Sí', 15, 12),
	(61, '58.76', 'Indirecto', 'Tiene altos niveles de hierro', '2023-08-29', 'Soleado', 'No', 16, 13),
	(62, '62.31', 'Indirecto', 'Presenta coliformes fecales', '2023-10-09', 'Nublado', 'No', 8, 5),
	(63, '49.87', 'Directo', 'Presencia de metales pesados', '2023-01-07', 'Lluvioso', 'Sí', 9, 6),
	(64, '74.11', 'Indirecto', 'Exceso de nitratos', '2023-02-28', 'Soleado', 'No', 10, 7),
	(65, '56.09', 'Directo', 'Contaminación por pesticidas', '2023-03-19', 'Nublado', 'Sí', 11, 8),
	(66, '73.26', 'Indirecto', 'Exceso de nitratos', '2023-04-19', 'Nublado', 'No', 2, 18),
	(67, '56.89', 'Directo', 'Contaminación bacteriana', '2023-05-22', 'Lluvioso', 'Sí', 3, 19),
	(68, '42.75', 'Indirecto', 'Niveles de aluminio superiores', '2023-06-29', 'Soleado', 'No', 4, 1),
	(69, '69.47', 'Directo', 'Deterioro de la calidad del agua', '2023-07-07', 'Nublado', 'Sí', 5, 2),
	(70, '45.88', 'Indirecto', 'Tiene altos niveles de hierro', '2023-08-11', 'Lluvioso', 'No', 6, 3),
	(71, '52.11', 'Directo', 'Presencia de metales pesados', '2023-03-12', 'Soleado', 'Sí', 1, 17),
	(72, '64.73', 'Directo', 'Contaminación por pesticidas', '2023-05-27', 'Nublado', 'Sí', 12, 9),
	(73, '75.18', 'Indirecto', 'Niveles de aluminio superiores', '2023-06-13', 'Lluvioso', 'No', 13, 10),
	(74, '63.59', 'Directo', 'Deterioro de la calidad del agua', '2023-07-04', 'Soleado', 'Sí', 14, 11),
	(75, '51.68', 'Indirecto', 'Buenos niveles de cloro', '2023-08-29', 'Nublado', 'No', 15, 12),
	(76, '57.23', 'Directo', 'Turbidez alta', '2023-09-01', 'Lluvioso', 'Sí', 16, 13),
	(77, '47.48', 'Directo', 'Buenos niveles de oxígeno', '2023-01-18', 'Soleado', 'Sí', 8, 5),
	(78, '48.37', 'Indirecto', 'Presenta coliformes fecales', '2023-02-09', 'Nublado', 'No', 9, 6),
	(79, '55.92', 'Directo', 'Presencia de metales pesados', '2023-03-19', 'Lluvioso', 'Sí', 10, 7),
	(80, '68.61', 'Indirecto', 'Exceso de nitratos', '2023-04-14', 'Soleado', 'No', 11, 8),
	(81, '74.17', 'Directo', 'Niveles de aluminio superiores', '2023-07-22', 'Lluvioso', 'Sí', 4, 1),
	(82, '53.89', 'Indirecto', 'Deterioro de la calidad del agua', '2023-08-13', 'Soleado', 'No', 5, 2),
	(83, '61.25', 'Directo', 'Tiene buenos niveles de cloro', '2023-09-27', 'Nublado', 'Sí', 6, 3),
	(84, '42.72', 'Indirecto', 'Presencia de pesticidas', '2023-04-27', 'Lluvioso', 'No', 1, 17),
	(85, '66.21', 'Directo', 'Buenos niveles de pH', '2023-05-10', 'Soleado', 'Sí', 2, 18),
	(86, '59.33', 'Indirecto', 'Contaminación bacteriana', '2023-06-30', 'Nublado', 'No', 3, 19),
	(87, '43.29', 'Directo', 'Tiene altos niveles de hierro', '2023-07-31', 'Nublado', 'Sí', 13, 10),
	(88, '70.84', 'Indirecto', 'Turbidez excesiva', '2023-08-17', 'Lluvioso', 'No', 14, 11),
	(89, '48.25', 'Directo', 'Exceso de nitratos', '2023-09-08', 'Soleado', 'Sí', 15, 12),
	(90, '57.11', 'Indirecto', 'Fluctuaciones en el nivel de oxígeno', '2023-10-02', 'Nublado', 'No', 16, 13),
	(91, '68.91', 'Directo', 'Contaminación bacteriana', '2023-03-29', 'Soleado', 'Sí', 9, 6),
	(92, '69.52', 'Indirecto', 'Niveles de aluminio superiores', '2023-04-04', 'Nublado', 'No', 10, 7),
	(93, '51.18', 'Directo', 'Deterioro de la calidad del agua', '2023-05-14', 'Lluvioso', 'Sí', 11, 8),
	(94, '65.77', 'Indirecto', 'Buenos niveles de cloro', '2023-06-23', 'Soleado', 'No', 12, 9),
	(95, '67.74', 'Directo', 'Niveles de aluminio superiores', '2023-09-10', 'Lluvioso', 'Sí', 5, 2),
	(96, '75.66', 'Indirecto', 'Tiene buenos niveles de cloro', '2023-10-07', 'Soleado', 'No', 6, 3),
	(97, '52.47', 'Indirecto', 'Presencia de pesticidas', '2023-02-06', 'Lluvioso', 'No', 8, 5),
	(98, '62.09', 'Directo', 'Buenos niveles de oxígeno', '2023-05-25', 'Nublado', 'Sí', 1, 17),
	(99, '40.87', 'Indirecto', 'Presenta coliformes fecales', '2023-06-02', 'Lluvioso', 'No', 2, 18),
	(100, '45.23', 'Directo', 'Deterioro de la calidad del agua', '2023-07-07', 'Soleado', 'Sí', 3, 19),
	(101, '58.32', 'Indirecto', 'Contaminación por pesticidas', '2023-08-22', 'Nublado', 'No', 4, 1),
	(102, '42.18', 'Directo', 'Presencia de metales pesados', '2023-01-02', 'Soleado', 'Sí', 16, 13);

-- Volcando estructura para tabla project1.provinces
CREATE TABLE IF NOT EXISTS `provinces` (
  `id` int(11) NOT NULL AUTO_INCREMENT,
  `name` varchar(50) NOT NULL DEFAULT '0',
  PRIMARY KEY (`id`)
) ENGINE=InnoDB AUTO_INCREMENT=8 DEFAULT CHARSET=latin1 COLLATE=latin1_swedish_ci;

-- Volcando datos para la tabla project1.provinces: ~7 rows (aproximadamente)
INSERT INTO `provinces` (`id`, `name`) VALUES
	(1, 'San Jose'),
	(2, 'Alajuela'),
	(3, 'Cartago'),
	(4, 'Heredia'),
	(5, 'Guanacaste'),
	(6, 'Puntarenas'),
	(7, 'Limon');

-- Volcando estructura para tabla project1.roles
CREATE TABLE IF NOT EXISTS `roles` (
  `id` int(11) NOT NULL AUTO_INCREMENT,
  `name` varchar(50) NOT NULL DEFAULT '0',
  PRIMARY KEY (`id`)
) ENGINE=InnoDB AUTO_INCREMENT=4 DEFAULT CHARSET=latin1 COLLATE=latin1_swedish_ci;

-- Volcando datos para la tabla project1.roles: ~3 rows (aproximadamente)
INSERT INTO `roles` (`id`, `name`) VALUES
	(1, 'Super Administrador'),
	(2, 'Administrador'),
	(3, 'Digitador');

-- Volcando estructura para tabla project1.samplings_sities
CREATE TABLE IF NOT EXISTS `samplings_sities` (
  `id` int(11) NOT NULL AUTO_INCREMENT,
  `name` varchar(50) DEFAULT NULL,
  `province_id` int(11) NOT NULL DEFAULT 0,
  `county_id` int(11) NOT NULL DEFAULT 0,
  `district_id` int(11) NOT NULL DEFAULT 0,
  `entity_id` int(11) DEFAULT NULL,
  PRIMARY KEY (`id`),
  KEY `FK_sampling_province` (`province_id`),
  KEY `FK_sampling_county` (`county_id`),
  KEY `FK_sampling_district` (`district_id`),
  KEY `FK_sampling_entity` (`entity_id`),
  CONSTRAINT `FK_sampling_county` FOREIGN KEY (`county_id`) REFERENCES `counties` (`id`) ON DELETE CASCADE ON UPDATE NO ACTION,
  CONSTRAINT `FK_sampling_district` FOREIGN KEY (`district_id`) REFERENCES `districts` (`id`) ON DELETE CASCADE ON UPDATE NO ACTION,
  CONSTRAINT `FK_sampling_entity` FOREIGN KEY (`entity_id`) REFERENCES `entities` (`id`) ON DELETE CASCADE ON UPDATE NO ACTION,
  CONSTRAINT `FK_sampling_province` FOREIGN KEY (`province_id`) REFERENCES `provinces` (`id`) ON DELETE CASCADE ON UPDATE NO ACTION
) ENGINE=InnoDB AUTO_INCREMENT=20 DEFAULT CHARSET=latin1 COLLATE=latin1_swedish_ci;

-- Volcando datos para la tabla project1.samplings_sities: ~19 rows (aproximadamente)
INSERT INTO `samplings_sities` (`id`, `name`, `province_id`, `county_id`, `district_id`, `entity_id`) VALUES
	(1, 'Colegio Laboratio San Jose', 2, 30, 197, 9),
	(2, 'Escuela Cedral', 2, 30, 197, 9),
	(3, 'CTP Upala', 2, 33, 222, 6),
	(4, 'AYA', 1, 1, 5, 7),
	(5, 'CTP Guatuso', 2, 35, 14, 8),
	(6, 'Escuela San Rafael', 2, 35, 14, 8),
	(7, 'Porvenir Abajo', 2, 30, 197, 9),
	(8, 'Escuela Katira', 2, 35, 237, 8),
	(9, 'Escuela El Amparo', 2, 34, 232, 11),
	(10, 'Iglesia Los Chiles', 2, 34, 230, 11),
	(11, 'Licorera La Unica', 2, 25, 93, 13),
	(12, 'Carnicas Carranza', 2, 27, 181, 14),
	(13, 'Hogar de Ancianos Candelaria', 2, 27, 184, 14),
	(14, 'Super Economico', 2, 22, 28, 12),
	(15, 'Casa de Lorenzo Alvarez', 2, 22, 142, 12),
	(16, 'Parque Central', 2, 22, 139, 4),
	(17, 'Autodromo La Guacima', 2, 21, 129, 10),
	(18, 'Soda Rebeca', 2, 21, 13, 10),
	(19, 'Heladeria Rebelados', 2, 21, 13, 10);

-- Volcando estructura para tabla project1.users
CREATE TABLE IF NOT EXISTS `users` (
  `id` int(11) NOT NULL AUTO_INCREMENT,
  `name` varchar(50) NOT NULL DEFAULT '0',
  `last_name` varchar(50) NOT NULL,
  `email` varchar(50) NOT NULL,
  `password` varchar(50) NOT NULL,
  `entity_id` int(11) NOT NULL DEFAULT 0,
  `role_id` int(11) NOT NULL,
  PRIMARY KEY (`id`),
  KEY `FK_user_entity` (`entity_id`),
  KEY `FK_user_role` (`role_id`),
  CONSTRAINT `FK_user_entity` FOREIGN KEY (`entity_id`) REFERENCES `entities` (`id`) ON DELETE CASCADE ON UPDATE NO ACTION,
  CONSTRAINT `FK_user_role` FOREIGN KEY (`role_id`) REFERENCES `roles` (`id`) ON DELETE CASCADE ON UPDATE NO ACTION
) ENGINE=InnoDB AUTO_INCREMENT=19 DEFAULT CHARSET=latin1 COLLATE=latin1_swedish_ci;

-- Volcando datos para la tabla project1.users: ~3 rows (aproximadamente)
INSERT INTO `users` (`id`, `name`, `last_name`, `email`, `password`, `entity_id`, `role_id`) VALUES
	(14, 'Jairo', 'Rodriguez Castro', 'jairocastro.jr@gmail.com', 'Jairo111', 6, 1),
	(17, 'Jason', 'Rojas Salas', 'jrosa@gmail.com', 'Jason111', 8, 2),
	(18, 'Andrew', 'Montero Gamboa', 'andrew@gmail.com', 'Andrew111', 4, 3);

-- Volcando estructura para tabla project1.water_springs
CREATE TABLE IF NOT EXISTS `water_springs` (
  `id` int(11) NOT NULL AUTO_INCREMENT,
  `name` varchar(50) NOT NULL DEFAULT '0',
  `address` varchar(50) NOT NULL DEFAULT '0',
  `latitude` varchar(50) NOT NULL DEFAULT '0',
  `longitude` varchar(50) NOT NULL DEFAULT '0',
  `description` varchar(50) NOT NULL DEFAULT '0',
  `province_id` int(11) NOT NULL DEFAULT 0,
  `county_id` int(11) NOT NULL DEFAULT 0,
  `district_id` int(11) NOT NULL DEFAULT 0,
  `entity_id` int(11) NOT NULL DEFAULT 0,
  PRIMARY KEY (`id`),
  KEY `FK_water_province` (`province_id`),
  KEY `FK_water_county` (`county_id`),
  KEY `FK_water_entity` (`entity_id`),
  KEY `FK_water_district` (`district_id`) USING BTREE,
  CONSTRAINT `FK_water_county` FOREIGN KEY (`county_id`) REFERENCES `counties` (`id`) ON DELETE CASCADE ON UPDATE NO ACTION,
  CONSTRAINT `FK_water_district` FOREIGN KEY (`district_id`) REFERENCES `districts` (`id`) ON DELETE CASCADE ON UPDATE NO ACTION,
  CONSTRAINT `FK_water_entity` FOREIGN KEY (`entity_id`) REFERENCES `entities` (`id`) ON DELETE CASCADE ON UPDATE NO ACTION,
  CONSTRAINT `FK_water_province` FOREIGN KEY (`province_id`) REFERENCES `provinces` (`id`) ON DELETE CASCADE ON UPDATE NO ACTION
) ENGINE=InnoDB AUTO_INCREMENT=18 DEFAULT CHARSET=latin1 COLLATE=latin1_swedish_ci;

-- Volcando datos para la tabla project1.water_springs: ~15 rows (aproximadamente)
INSERT INTO `water_springs` (`id`, `name`, `address`, `latitude`, `longitude`, `description`, `province_id`, `county_id`, `district_id`, `entity_id`) VALUES
	(1, 'Guatuso Katira', 'San Miguel de Katira', '402906', '1183564', 'Por Gravedad', 2, 35, 237, 8),
	(2, 'Guatuso Cote', 'Cabanga de cote', '407820', '1173774', 'Por Gravedad', 2, 35, 236, 8),
	(3, 'San Carlos', 'San Juan de Quesada', '455816.5', '1143735.9', 'Por Gravedad', 2, 30, 197, 9),
	(4, 'Guatuso Tonjibe', 'Viento Fresco, Tonjibe', '413203', '1173800', 'Por Gravedad', 2, 35, 14, 8),
	(5, 'Guatuso Pejibaye', 'Pejibaye, Cote', '405612', '1174729', 'Por Gravedad', 2, 35, 236, 8),
	(6, 'Porvenir Abajo', 'Porvenir, sobre carretera 141', '453983', '1139957', 'Por Gravedad', 2, 30, 199, 9),
	(8, 'Union Este', 'San Carlos, Pital, La Union este', '470932', '1156092', 'Por Gravedad', 2, 30, 202, 9),
	(9, 'Chachagua', 'San Ramon, Chachagua, Peñas Blancas', '43748.5', '1150800', 'Por Gravedad', 2, 22, 72, 4),
	(10, 'Cerro Alegre', 'San Ramon, Chachagua, San Francisco', '432729.55', '1153102.44', 'Por Gravedad', 2, 22, 72, 4),
	(11, 'El Burrito', 'San Ramon, Chachagua, Peñas Blancas', '433063.41', '1153102.44', 'Por Gravedad', 2, 22, 72, 4),
	(12, 'La Bruja', 'San Ramon, Chachagua Peñas Blancas', '434748.33', '1154459.17', 'Por Gravedad', 2, 22, 72, 4),
	(13, 'Cuatro Cruces', 'Upala, Canalete', '390733', '1198324', 'Por Gravedad', 2, 33, 229, 6),
	(14, 'Higueron', 'Upala, Canalete', '390863', '1199800', 'Por Gravedad', 2, 33, 229, 6),
	(15, 'Pata Gallo', 'Upala, Canalete', '385076', '1197553', 'Por Gravedad', 2, 33, 229, 6),
	(16, '01514-Canalete', 'Upala, Canalete', '386267', '1198718', 'Por Gravedad', 2, 33, 229, 6);

/*!40103 SET TIME_ZONE=IFNULL(@OLD_TIME_ZONE, 'system') */;
/*!40101 SET SQL_MODE=IFNULL(@OLD_SQL_MODE, '') */;
/*!40014 SET FOREIGN_KEY_CHECKS=IFNULL(@OLD_FOREIGN_KEY_CHECKS, 1) */;
/*!40101 SET CHARACTER_SET_CLIENT=@OLD_CHARACTER_SET_CLIENT */;
/*!40111 SET SQL_NOTES=IFNULL(@OLD_SQL_NOTES, 1) */;
